rank,team,conference,anchor_blend,implied_off,anchor_off,implied_def,anchor_def,residual,k_x_resid_clipped,class,st_term,recenter_shift,final,band,L_count,new_HC,capped
1,Ohio State,Big Ten,31.40,40.36,40.40,16.77,9.00,-7.61,-2.66,-0.00,+0.28,+0.57,29.59,6.00,0,,
2,Oregon,Big Ten,28.80,38.93,40.95,14.34,12.35,-3.80,-1.33,-0.00,+0.24,+0.57,28.28,6.00,0,,
3,Georgia,SEC,26.46,34.22,38.68,20.34,12.82,-4.40,-1.54,-0.00,+0.20,+0.57,25.69,6.00,0,,
4,Notre Dame,FBS Independents,27.07,37.68,40.84,14.78,13.96,-8.25,-2.89,-0.00,+0.24,+0.57,25.00,6.00,0,,
5,Indiana,Big Ten,25.46,34.20,37.88,16.27,13.02,-6.73,-2.35,-0.00,+0.30,+0.57,23.98,6.00,0,,
6,Texas,SEC,23.13,31.77,37.32,21.23,14.58,-4.61,-1.61,-0.00,+0.04,+0.57,22.13,6.60,0,,
7,Miami,ACC,22.25,34.27,35.03,21.27,13.07,-7.11,-2.49,-0.00,+0.16,+0.57,20.49,6.00,0,,
8,Texas Tech,Big 12,21.67,31.71,36.89,18.75,15.41,-6.27,-2.20,-0.00,+0.30,+0.57,20.35,6.00,0,,
9,Ole Miss,SEC,18.87,33.54,36.48,21.48,18.22,+1.38,+0.48,-0.00,+0.24,+0.57,20.17,6.78,0,Y,
10,LSU,SEC,18.93,30.53,31.86,20.48,13.14,-1.09,-0.38,-0.00,+0.08,+0.57,19.20,7.46,0,Y,
11,Oklahoma,SEC,18.82,30.06,32.41,20.70,13.89,-1.58,-0.55,-0.00,+0.24,+0.57,19.08,6.00,0,,
12,Texas A&M,SEC,19.67,29.63,36.98,21.98,17.02,-4.73,-1.65,-0.00,+0.12,+0.57,18.71,6.00,0,,
13,USC,Big Ten,17.93,35.95,38.26,17.85,19.94,-0.02,-0.01,-0.00,+0.00,+0.57,18.50,6.00,0,,
14,Alabama,SEC,20.13,26.76,32.27,21.20,11.63,-7.50,-2.63,-0.00,-0.04,+0.57,18.04,6.36,2,,
15,Michigan,Big Ten,17.85,33.13,33.67,17.63,15.33,-2.63,-0.92,-0.00,+0.10,+0.57,17.61,6.98,1,Y,
16,Penn State,Big Ten,16.60,34.44,34.05,19.35,18.15,-0.60,-0.21,-0.00,+0.32,+0.57,17.28,6.78,0,Y,
17,BYU,Big 12,14.65,36.56,32.87,21.04,18.53,+3.43,+1.20,-0.00,-0.16,+0.57,16.27,6.00,0,,
18,Tennessee,SEC,16.56,29.05,38.98,23.25,22.72,-2.88,-1.01,-0.00,+0.08,+0.57,16.21,6.18,1,,
19,Washington,Big Ten,14.81,32.00,32.55,18.67,17.45,-1.56,-0.55,-0.00,+0.16,+0.57,15.00,6.00,0,,
20,Missouri,SEC,13.45,31.30,31.53,24.19,17.57,+0.73,+0.25,-0.00,+0.12,+0.57,14.40,6.00,0,,
21,Florida,SEC,13.02,28.28,29.26,23.23,16.84,+0.21,+0.07,-0.00,+0.12,+0.57,13.79,7.19,2,Y,
22,Iowa,Big Ten,13.83,29.91,30.42,20.10,17.18,-3.22,-1.13,-0.00,+0.20,+0.57,13.48,6.72,4,,
23,Utah,Big 12,13.22,32.47,33.66,23.95,20.44,-2.45,-0.86,-0.00,+0.24,+0.57,13.18,7.46,0,Y,
24,Auburn,SEC,11.65,29.38,28.62,23.29,17.28,+2.34,+0.82,-0.00,+0.12,+0.57,13.16,6.78,0,Y,
25,South Carolina,SEC,11.37,27.76,29.53,22.88,18.77,+1.71,+0.60,-0.00,-0.04,+0.57,12.50,6.18,1,,
26,Vanderbilt,SEC,9.79,27.82,33.29,22.94,24.21,+3.38,+1.18,-0.00,+0.20,+0.57,11.75,6.18,1,,
27,Louisville,ACC,11.91,30.07,31.06,21.92,19.24,-1.82,-0.64,-0.00,-0.12,+0.57,11.73,6.36,2,,
28,SMU,ACC,11.91,30.69,32.41,23.27,20.19,-2.95,-1.03,-0.00,+0.00,+0.57,11.45,6.00,0,,
29,Clemson,ACC,12.36,27.53,29.28,22.15,17.22,-4.83,-1.69,-0.00,+0.12,+0.57,11.36,6.36,2,,
30,Arizona,Big 12,9.15,34.44,30.98,24.56,21.32,+2.47,+0.87,-0.00,-0.16,+0.57,10.43,6.00,0,,
31,Kansas State,Big 12,9.88,28.94,32.84,24.65,23.26,-3.03,-1.06,-0.00,+0.10,+0.57,9.49,6.78,0,Y,
32,TCU,Big 12,9.34,27.32,31.42,22.74,21.78,-2.80,-0.98,-0.00,+0.10,+0.57,9.03,6.00,0,,
33,Houston,Big 12,7.47,29.54,30.93,21.97,23.17,+2.06,+0.72,-0.00,-0.16,+0.57,8.61,6.00,0,,
34,Kentucky,SEC,5.61,27.40,25.90,22.95,20.30,+6.44,+2.25,-0.00,-0.04,+0.57,8.40,6.98,1,Y,
35,Nebraska,Big Ten,7.45,28.90,29.07,22.29,21.63,-0.63,-0.22,-0.00,+0.24,+0.57,8.04,6.00,0,,
36,Pittsburgh,ACC,7.14,28.57,30.52,22.68,23.48,+0.70,+0.24,-0.00,-0.08,+0.57,7.88,6.18,1,,
37,Mississippi State,SEC,4.66,28.00,30.48,24.22,26.32,+7.20,+2.52,-0.00,+0.08,+0.57,7.84,6.18,1,,
38,Virginia,ACC,6.99,29.02,26.50,23.63,19.70,+0.43,+0.15,-0.00,+0.08,+0.57,7.80,6.36,2,,
39,Virginia Tech,ACC,7.05,28.15,29.92,22.83,22.68,-0.08,-0.03,-0.00,+0.00,+0.57,7.60,7.91,2,Y,
40,Florida State,ACC,8.30,27.96,29.45,24.92,20.85,-3.72,-1.30,-0.00,-0.12,+0.57,7.45,6.54,3,,
41,Wisconsin,Big Ten,5.42,30.15,22.41,21.46,16.69,+3.18,+1.11,-0.00,-0.04,+0.57,7.07,6.00,0,,
42,Minnesota,Big Ten,4.69,29.74,25.04,19.89,19.76,+4.78,+1.67,-0.00,+0.12,+0.57,7.06,6.00,0,,
43,Illinois,Big Ten,9.03,25.81,31.37,23.87,22.83,-6.40,-2.24,-0.00,-0.40,+0.57,6.96,6.18,1,,
44,UCLA,Big Ten,3.91,29.99,28.40,20.70,24.50,+5.60,+1.96,-0.00,+0.12,+0.57,6.56,6.78,0,Y,
45,Arkansas,SEC,4.83,25.16,34.01,24.73,29.39,+3.40,+1.19,-0.00,-0.12,+0.57,6.47,6.98,1,Y,
46,Georgia Tech,ACC,5.58,28.78,28.59,25.78,23.61,-0.13,-0.05,-0.00,+0.24,+0.57,6.35,6.54,3,,
47,Arizona State,Big 12,6.93,25.73,28.46,24.11,20.94,-3.65,-1.28,-0.00,-0.20,+0.57,6.03,6.00,0,,
48,Oklahoma State,Big 12,3.89,30.50,28.40,24.97,25.00,+4.39,+1.54,-0.00,-0.10,+0.57,5.90,7.46,0,Y,
49,Northwestern,Big Ten,3.52,29.11,23.96,21.25,20.94,+5.04,+1.76,-0.00,-0.20,+0.57,5.66,6.00,0,,
50,Duke,ACC,4.31,29.33,32.11,25.54,28.19,+1.71,+0.60,-0.00,+0.00,+0.57,5.48,6.54,3,,
51,NC State,ACC,5.38,28.48,30.94,26.26,25.06,-1.81,-0.63,-0.00,-0.04,+0.57,5.28,6.54,3,,
52,Baylor,Big 12,4.70,26.10,32.30,24.51,28.20,-0.26,-0.09,-0.00,+0.04,+0.57,5.22,6.18,1,,
53,Wake Forest,ACC,3.35,27.00,24.07,22.84,20.83,+2.76,+0.97,-0.00,+0.08,+0.57,4.97,6.36,2,,
54,Maryland,Big Ten,2.62,26.29,25.51,20.62,23.29,+3.65,+1.28,-0.00,-0.28,+0.57,4.19,6.00,0,,
55,Kansas,Big 12,4.02,25.52,29.16,25.01,25.74,-0.65,-0.23,-0.00,-0.20,+0.57,4.16,6.00,0,,
56,UCF,Big 12,2.42,26.50,24.56,23.18,22.04,+3.05,+1.07,-0.00,-0.10,+0.57,3.96,6.00,0,,
57,Cincinnati,Big 12,3.57,27.99,29.14,27.85,25.86,-0.89,-0.31,-0.00,+0.04,+0.57,3.87,6.18,1,,
58,Rutgers,Big Ten,1.06,31.60,30.03,25.14,29.07,+5.70,+2.00,-0.00,-0.12,+0.57,3.51,6.00,0,,
59,Boise State,Pac-12,5.40,21.87,29.20,25.07,23.50,-6.82,-2.39,+0.00,-0.12,+0.57,3.47,6.18,1,,
60,North Carolina,ACC,1.87,26.75,23.53,24.23,22.07,+2.91,+1.02,-0.00,-0.08,+0.57,3.38,6.36,2,,
61,California,ACC,2.15,27.82,28.43,25.80,25.97,+1.41,+0.49,-0.00,-0.16,+0.57,3.06,7.39,3,Y,
62,Colorado,Big 12,0.44,25.99,26.07,23.64,25.13,+3.66,+1.28,-0.00,-0.16,+0.57,2.13,6.00,0,,
63,West Virginia,Big 12,1.23,26.47,26.51,26.80,25.39,+0.80,+0.28,-0.00,-0.16,+0.57,1.92,6.00,0,,
64,Iowa State,Big 12,0.99,24.58,22.89,26.20,22.41,+0.15,+0.05,-0.00,+0.04,+0.57,1.66,8.13,3,Y,
65,Michigan State,Big Ten,0.75,27.05,26.87,25.62,25.73,+0.49,+0.17,-0.00,-0.48,+0.57,1.02,6.78,0,Y,
66,Memphis,American Athletic,-0.72,23.92,28.49,21.05,29.81,+1.78,+0.62,+0.00,+0.00,+0.57,0.48,7.59,4,Y,
67,Purdue,Big Ten,-2.28,25.25,24.11,23.69,27.09,+4.75,+1.66,-0.00,+0.08,+0.57,0.04,6.00,0,,
68,Tulane,American Athletic,0.47,26.53,25.19,27.92,25.31,-3.69,-1.29,+0.00,+0.04,+0.57,-0.21,7.39,3,Y,
69,San Diego State,Pac-12,-0.82,24.54,23.34,27.24,24.76,+0.80,+0.28,+0.00,-0.28,+0.57,-0.25,6.18,1,,
70,East Carolina,American Athletic,-1.16,25.20,24.62,23.40,25.58,+0.35,+0.12,+0.00,+0.04,+0.57,-0.43,6.36,2,,
71,Stanford,ACC,-3.17,26.37,22.06,24.80,24.64,+6.00,+2.10,-0.00,+0.04,+0.57,-0.46,7.39,3,Y,
72,Boston College,ACC,-3.26,25.52,24.52,25.99,28.28,+5.14,+1.80,-0.00,+0.04,+0.57,-0.85,6.54,3,,
73,Syracuse,ACC,-1.88,23.83,23.31,26.54,25.59,+1.41,+0.49,-0.00,-0.20,+0.57,-1.01,6.36,2,,
74,Fresno State,Pac-12,-2.08,22.95,20.71,25.97,22.79,+1.14,+0.40,+0.00,-0.04,+0.57,-1.15,6.18,1,,
75,UNLV,Mountain West,0.36,19.58,29.98,33.73,29.62,-5.48,-1.92,+0.00,-0.60,+0.57,-1.58,6.36,2,,
76,Navy,American Athletic,0.27,24.81,27.39,31.49,27.31,-9.18,-3.21,+0.00,+0.10,+0.57,-2.27,6.18,1,,
77,Army,American Athletic,-2.64,29.42,24.68,32.43,27.42,-2.69,-0.94,+0.00,+0.30,+0.57,-2.71,6.36,2,,
78,South Florida,American Athletic,-0.87,24.22,28.46,29.46,29.14,-6.97,-2.44,+0.00,-0.04,+0.57,-2.78,7.39,3,Y,
79,Texas State,Pac-12,-5.31,27.82,32.10,29.36,37.50,+5.94,+2.08,+0.00,-0.16,+0.57,-2.82,6.18,1,,
80,James Madison,Sun Belt,-0.49,25.52,25.80,24.98,25.90,-9.44,-3.30,+0.00,+0.08,+0.57,-3.14,6.98,1,Y,
81,UTSA,American Athletic,-2.04,28.07,29.23,32.96,31.47,-5.07,-1.77,+0.00,+0.04,+0.57,-3.20,6.72,4,,
82,Washington State,Pac-12,-1.95,21.34,21.57,30.00,23.43,-4.73,-1.65,+0.00,-0.36,+0.57,-3.39,7.91,2,Y,
83,New Mexico,Mountain West,-3.99,17.66,23.55,31.58,28.15,-0.29,-0.10,+0.00,-0.64,+0.57,-4.16,6.00,0,,
84,Utah State,Pac-12,-6.57,22.00,24.27,28.35,30.33,+1.79,+0.63,+0.00,-0.24,+0.57,-5.61,6.18,1,,
85,Old Dominion,Sun Belt,-4.03,25.09,21.09,24.73,24.41,-6.40,-2.24,+0.00,-0.16,+0.57,-5.86,6.00,0,,
86,Air Force,Mountain West,-5.48,18.14,23.76,34.49,29.24,-1.84,-0.64,+0.00,-0.76,+0.57,-6.31,6.18,1,,
87,Oregon State,Pac-12,-7.68,20.12,20.21,26.43,27.19,+2.75,+0.96,+0.00,-0.24,+0.57,-6.38,7.19,2,Y,
88,Hawai'i,Mountain West,-5.72,16.94,24.39,34.41,30.71,-2.11,-0.74,+0.00,-0.76,+0.57,-6.65,6.72,4,,
89,North Dakota State,Mountain West,-3.78,14.15,23.21,34.88,26.99,-7.93,-2.78,+0.00,-0.72,+0.57,-6.70,7.19,3,,
90,Tulsa,American Athletic,-10.94,25.47,21.83,24.90,33.37,+9.69,+3.39,+0.00,-0.10,+0.57,-7.08,6.18,1,,
91,North Texas,American Athletic,-6.61,24.25,26.20,31.55,32.60,-3.31,-1.16,+0.00,+0.10,+0.57,-7.10,8.35,4,Y,
92,Miami (OH),Mid-American,-6.47,18.97,17.71,30.83,24.69,-3.61,-1.26,+0.00,-0.20,+0.57,-7.36,6.18,1,,
93,UConn,FBS Independents,-10.95,26.36,20.43,25.40,31.97,+8.25,+2.89,+0.00,-0.12,+0.57,-7.61,7.39,3,Y,
94,Western Kentucky,Conference USA,-6.47,26.63,24.61,25.28,31.59,-4.90,-1.72,+0.00,-0.04,+0.57,-7.65,6.36,2,,
95,Western Michigan,Mid-American,-6.70,21.57,19.25,32.40,25.55,-3.26,-1.14,+0.00,-0.44,+0.57,-7.71,6.18,1,,
96,Troy,Sun Belt,-7.48,24.86,22.86,25.61,30.54,-3.16,-1.11,+0.00,-0.04,+0.57,-8.05,6.00,0,,
97,Marshall,Sun Belt,-7.69,25.53,27.85,26.79,35.85,-3.34,-1.17,+0.00,-0.28,+0.57,-8.57,6.00,0,,
98,Louisiana,Sun Belt,-10.00,25.72,24.75,24.64,34.35,+0.60,+0.21,+0.00,-0.04,+0.57,-9.26,6.00,0,,
99,Toledo,Mid-American,-4.89,15.06,20.00,34.26,24.60,-13.33,-4.67,+0.00,-0.52,+0.57,-9.50,7.91,2,Y,
100,Arkansas State,Sun Belt,-11.17,27.15,22.37,26.52,33.63,+1.81,+0.63,+0.00,+0.12,+0.57,-9.84,6.18,1,,
101,Florida Atlantic,American Athletic,-11.31,25.68,25.10,32.78,37.00,+2.38,+0.83,+0.00,+0.00,+0.57,-9.90,6.36,2,,
102,Louisiana Tech,Sun Belt,-9.76,24.88,21.57,26.11,31.33,-1.55,-0.54,+0.00,-0.20,+0.57,-9.93,6.00,0,,
103,Jacksonville State,Conference USA,-9.83,26.25,23.73,25.26,33.07,-2.91,-1.02,+0.00,-0.04,+0.57,-10.31,6.00,0,,
104,Liberty,Conference USA,-8.79,25.07,24.30,26.43,32.90,-5.99,-2.10,+0.00,-0.24,+0.57,-10.55,6.54,3,,
105,Georgia Southern,Sun Belt,-10.89,24.91,22.21,26.54,33.09,-0.83,-0.29,+0.00,-0.16,+0.57,-10.77,6.00,0,,
106,Temple,American Athletic,-10.85,24.46,24.12,34.74,35.38,-1.44,-0.50,+0.00,-0.10,+0.57,-10.88,6.72,4,,
107,App State,Sun Belt,-11.85,24.73,21.33,26.43,33.47,+0.36,+0.13,+0.00,-0.12,+0.57,-11.27,6.36,2,,
108,South Alabama,Sun Belt,-12.02,26.19,23.34,26.82,34.76,+0.71,+0.25,+0.00,-0.16,+0.57,-11.36,6.00,0,,
109,Wyoming,Mountain West,-11.35,15.20,15.13,34.87,25.87,+0.10,+0.04,+0.00,-0.68,+0.57,-11.42,6.54,3,,
110,Colorado State,Pac-12,-11.66,17.54,17.12,32.04,28.68,-0.86,-0.30,+0.00,-0.60,+0.57,-11.99,7.39,3,Y,
111,Ohio,Mid-American,-9.57,15.52,15.32,32.82,24.18,-7.17,-2.51,+0.00,-0.52,+0.57,-12.03,6.98,1,Y,
112,Central Michigan,Mid-American,-13.30,20.44,16.95,32.61,30.05,+2.20,+0.77,+0.00,-0.48,+0.57,-12.44,6.18,1,,
113,Nevada,Mountain West,-14.46,14.57,16.27,32.89,31.13,+5.57,+1.95,+0.00,-0.68,+0.57,-12.62,6.54,3,,
114,Coastal Carolina,Sun Belt,-13.82,23.94,21.09,25.10,34.41,+2.08,+0.73,+0.00,-0.12,+0.57,-12.64,7.19,2,Y,
115,Delaware,Conference USA,-13.86,27.37,22.27,25.54,35.83,+2.15,+0.75,+0.00,-0.16,+0.57,-12.69,6.60,0,,
116,Kennesaw State,Conference USA,-12.24,24.26,19.83,26.07,31.57,-3.30,-1.16,+0.00,-0.16,+0.57,-12.98,6.36,2,,
117,Bowling Green,Mid-American,-14.84,18.40,14.03,29.61,29.07,+5.10,+1.79,+0.00,-0.64,+0.57,-13.12,6.18,1,,
118,Rice,American Athletic,-15.91,24.34,16.39,32.93,32.81,+5.41,+1.89,+0.00,+0.04,+0.57,-13.40,6.54,3,,
119,San José State,Mountain West,-14.31,14.76,19.19,35.15,33.01,+2.46,+0.86,+0.00,-0.56,+0.57,-13.43,6.36,2,,
120,Buffalo,Mid-American,-14.12,15.36,14.59,31.52,29.21,-0.27,-0.10,+0.00,-0.56,+0.57,-14.20,6.36,2,,
121,Florida International,Conference USA,-15.51,24.97,20.60,25.56,35.90,+1.48,+0.52,+0.00,-0.12,+0.57,-14.54,6.00,0,,
122,UAB,American Athletic,-17.36,25.35,20.67,34.46,37.53,+5.34,+1.87,+0.00,+0.10,+0.57,-14.82,7.39,3,Y,
123,Southern Miss,Sun Belt,-16.70,24.02,19.70,26.27,35.90,+3.87,+1.35,+0.00,-0.16,+0.57,-14.93,8.13,3,Y,
124,Eastern Michigan,Mid-American,-16.31,18.21,17.14,32.67,33.46,+3.13,+1.10,+0.00,-0.52,+0.57,-15.16,6.00,0,,
125,Missouri State,Conference USA,-16.15,24.41,17.98,26.43,33.62,+0.39,+0.14,+0.00,-0.12,+0.57,-15.56,7.19,2,Y,
126,Northern Illinois,Mountain West,-17.17,13.75,14.32,36.16,31.28,+3.58,+1.25,+0.00,-0.64,+0.57,-15.98,7.39,3,Y,
127,Georgia State,Sun Belt,-19.95,24.86,19.57,27.16,38.83,+6.88,+2.41,+0.00,-0.20,+0.57,-17.17,6.00,0,,
128,New Mexico State,Conference USA,-18.14,22.99,16.13,26.63,34.27,+1.27,+0.44,+0.00,-0.08,+0.57,-17.20,6.72,4,,
129,UTEP,Mountain West,-20.13,13.08,14.89,35.79,34.51,+5.94,+2.08,+0.00,-0.72,+0.57,-18.20,6.72,4,,
130,Akron,Mid-American,-19.97,17.18,12.77,34.48,32.13,+3.33,+1.17,+0.00,-0.52,+0.57,-18.75,6.36,2,,
131,Middle Tennessee,Conference USA,-21.10,24.51,16.15,27.34,37.45,+5.24,+1.83,+0.00,-0.20,+0.57,-18.89,6.54,3,,
132,UL Monroe,Sun Belt,-22.41,23.78,15.24,27.00,36.96,+8.42,+2.95,+0.00,-0.20,+0.57,-19.09,6.18,1,,
133,Kent State,Mid-American,-21.69,15.82,15.11,33.45,36.29,+4.83,+1.69,+0.00,-0.48,+0.57,-19.91,6.00,0,,
134,Sacramento State,Mid-American,-20.03,13.91,16.44,36.27,36.56,-0.96,-0.34,+0.00,-0.56,+0.57,-20.35,7.59,4,Y,
135,Charlotte,American Athletic,-23.00,21.28,15.10,33.96,37.60,+7.40,+2.59,+0.00,-0.56,+0.57,-20.39,7.59,6,,
136,Sam Houston,Conference USA,-23.69,23.74,15.41,27.21,38.69,+6.57,+2.30,+0.00,-0.16,+0.57,-20.98,6.36,2,,
137,Ball State,Mid-American,-22.37,13.05,13.62,36.25,35.28,-0.27,-0.10,+0.00,-0.80,+0.57,-22.69,6.36,2,,
138,Massachusetts,Mid-American,-30.22,13.99,9.94,34.79,39.76,+10.29,+3.60,+0.00,-0.60,+0.57,-26.64,6.80,1,,
